Process ID,Thread ID,State,Create Time (UNIX),Memory Size (RSS),RIP,RSP,RAX,WorkingSetSize,PagefileUsage
20228,7152,running,1712262908.2248285,663781376,140726170865764,471448287048,4,16015360,8773632
13276,13228,running,1712233601.2721927,64192512,140726170868532,1046878222088,91,15409152,7831552
2192,26472,running,1712233648.2540176,70381568,140726170865764,703575618376,4,16023552,8773632
14728,15044,running,1712233610.8130512,80789504,140726170880532,433664817176,466,16011264,8773632
14728,15068,running,1712233610.8130512,80789504,140726170880532,433671108808,466,16019456,8818688
25040,6692,running,1712236865.9006512,72425472,140726170880532,120129058200,466,16011264,8773632
23964,25500,running,1712233643.0168438,71213056,2010782972,148106424,851972,16007168,8773632
35692,88424,running,1712302629.1269844,64663552,2010782972,101445880,26,16023552,8781824
19996,26092,running,1712243311.1882665,226926592,140726170865764,18073254024,4,16015360,8773632
20228,16252,running,1712262908.2248285,662532096,140726127862020,471360063048,5254,16011264,8773632
