Process ID,Thread ID,State,Create Time (UNIX),Memory Size (RSS),RIP,RSP,RAX,WorkingSetSize,PagefileUsage
12360,16656,running,1712233614.9193103,77217792,140726170865924,142279175352,9,16007168,8773632
18912,18916,running,1712245971.858218,165138432,2010782972,72149608,393682,16011264,8773632
21144,22128,running,1712236863.4873636,113668096,140726127862020,1010833552632,5254,16015360,8773632
23964,25516,running,1712233643.0168438,71204864,2010782972,100920616,26,16007168,8773632
25856,25860,running,1712233650.273738,22536192,140726170865764,850174927272,4,16023552,8773632
18524,2940,running,1712287638.7176387,51044352,140726170880628,572962896408,469,16023552,8781824
15248,15280,running,1712233611.700956,44457984,2010782972,281930520,851972,16003072,8773632
23964,12952,running,1712233643.0168438,71213056,2010782972,178646088,851972,16011264,8773632
23668,22204,running,1712233643.0102973,69304320,140726170865764,1020318971224,4,16007168,8773632
11448,9684,running,1712233595.0880513,40665088,140726127862020,133811927976,5254,16011264,8773632
