Process ID,Thread ID,State,Create Time (UNIX),Memory Size (RSS),RIP,RSP,RAX,WorkingSetSize,PagefileUsage
22708,3100,running,1712233654.936041,436699136,140726170865764,764380444248,4,16027648,8773632
21144,12200,running,1712236863.4873636,113516544,140726170865924,1010707721928,9,16019456,8773632
12360,17828,running,1712233614.9193103,77217792,140726170865764,142299231880,4,16007168,8773632
10316,266092,running,1712312979.3970487,104833024,140726170880532,24371000744,466,15417344,7839744
19076,13124,running,1712233632.7513573,88576000,140726170865764,334208431560,4,15409152,7831552
24056,22228,running,1712233643.1231906,62042112,140726170865764,328180167416,4,16007168,8773632
24920,328280,running,1712233654.9504795,150032384,140726170865764,1081547422136,4,16027648,8773632
18524,9736,running,1712287638.7176387,51044352,140726170865764,572904175768,4,16019456,8781824
12360,17744,running,1712233614.9193103,77217792,140726170880532,142283372328,466,16007168,8773632
18104,26268,running,1712255359.2421744,71815168,2010782972,308604920,1835017,16011264,8773632
